{
    "sum_response_time": 646.12,
    "api_call_count": 1,
    "cpu_used_by_server": 13186.311199999998,
    "memory_used_by_server": 40.473600000000005,
    "total_data_transferred": 118232.0
}